ID_Influencer,nombre_Usuario
1,433
2,____kimwoobin
3,__youngbae__
4,_agentgirl_
5,_hakkencoser_
6,_imyour_joy
7,_jeongjaehyun
8,_mariahwasa
9,_rl9
10,_seorina
11,_shotaroo_
12,_zyozyo
13,03_hu
14,21savage
15,39saku_chan
16,3gerardpique
17,5sos
18,9gag
19,ab
20,abdevilliers17
21,achrafhakimi
22,actor_jg
23,actorleeminho
24,actorsuriya
25,acunilicali
26,adamsandler
27,adamweitsman
28,addisonraee
29,adinross
30,aespa_official
31,agustd
32,ahmedabohashima
33,ahmedhelmy
34,akshaykumar
35,albafloresoficial
36,aleoliveiracm
37,alexandradaddario
38,alexis_officia1
39,alexisren
40,alfinetei
41,aliaabhatt
42,aliandooo
43,aliiiiiiiikarimi8
44,alishalehmann7
45,alluarjunonline
46,alok
47,alvaromorata
48,alvaromorte
49,alvxaro
50,alwaysramcharan
51,amadorat
52,amandacerny
53,amauryguichon
54,amin.hayai
55,amitabhbachchan
56,amybethmcnulty
57,ana_d_armas
58,anahi
59,ananyapanday
60,anas
61,andreavaldirisos
62,andresiniesta8
63,angela_aguilar_
64,angeldimariajm
65,angelinajolie
66,angeliqueboyer
67,angelrai07
68,anguscloud
69,anirudhofficial
70,anitta
71,anjimaxuofficially
72,annehathaway
73,ansufati
74,antogriezmann
75,antonelaroccuzzo
76,anuel
77,anupamaparameswaran96
78,anushkasen0408
79,anushkasharma
80,anyageraldine
81,anyataylorjoy
82,araikgalstyanmoscowschool
83,arashi_5_official
84,arianagrande
85,arigameplays
86,arishfakhan138
87,aron.piper
88,arthuraguiar
89,asabopp
90,asalamaleh
91,asaprocky
92,ashishchanchlani
93,aslisona
94,ataliapr
95,ateez_official_
96,auba
97,aurelie.hermansyah
98,avani
99,avengers
100,avneetkaur_13
101,avrillavigne
102,awez_darbar
103,badbunnypr
104,bambam1a
105,barackobama
106,barbieferreira
107,bbrightvc
108,beautifuldestinations
109,beberexha
110,beingsalmankhan
111,belindapop
112,bellahadid
113,bellapoarch
114,bellathorne
115,bernardokath
116,beyonce
117,bhadbhabie
118,bhuvan.bam22
119,bianca
120,bibisbeautypalace
121,bighit_ent
122,billieeilish
123,bizarrap
124,blackpinkofficial
125,bleacherreport
126,blythe
127,bn_sj2013
128,borodylia
129,brentrivera
130,bretmanrock
131,brfootball
132,briandadeyanara
133,britneyspears
134,bronny
135,brooklynpeltzbeckham
136,brunamarquezine
137,brunogagliasso
138,brunomars
139,brycehall
140,bts.bighitofficial
141,bugatti
142,bumkeyk
143,burakozcivit
144,burcuozberk
145,c.syresmith
146,caiocastro
147,camila_cabello
148,camilaloures
149,camilo
150,candiceking
151,canelo
152,canyaman
153,caradelevingne
154,carlinhosmaiaof
155,carryminati
156,casemiro
157,catherinemcbroom
158,caviarmagnat
159,cazzu
160,cbum
161,centralcee
162,chaelincl
163,champagnepapi
164,charles_leclerc
165,charlidamelio
166,charlieputh
167,chelseafc
168,chiaraferragni
169,chieffkeeffsossa
170,chinguamiga
171,chloegmoretz
172,choi_seung_hyun_tttop
173,chrisbrownofficial
174,chrisevans
175,chrishemsworth
176,chrismcg
177,chrissyteigen
178,christian_fig
179,ciara
180,clean_0828
181,cocielo
182,coldplay
183,cole.labrant
184,colesprouse
185,conangray
186,coolio_daryl
187,corinnakopf
188,courteneycoxofficial
189,cristiano
190,cvillaloboss
191,cznburak
192,d_degeaofficial
193,dababy
194,daddyyankee
195,dagelan
196,danbilzerian
197,danialves
198,dannapaola
199,daquan
200,darianrojasc
201,darshanravaldz
202,dava_m
203,davidalaba
204,davidbeckham
205,davidluiz23
206,davidmichigan
207,davido
208,dbook
209,ddlovato
210,dean.schneider
211,dear.zia
212,dearra
213,dedesecco
214,deepikapadukone
215,deiveleonardo
216,dejesusoficial
217,demetozdemir
218,demirose
219,dew_jsu
220,dhanushkraja
221,dilettaleotta
222,diljitdosanjh
223,dindahw
224,dishapatani
225,dixiedamelio
226,djokernole
227,djsnake
228,djxiao_888
229,dkharbour
230,dlwlrma
231,dntlrdl
232,do0_nct
233,dojacat
234,domelipa
235,donatella_versace
236,donya
237,dovecameron
238,dqsalmaan
239,dra.deolanebezerra
240,dualipa
241,dudewithsign
242,duki
243,dylanminnette
244,dylansprouse
245,earthpix
246,easportsfifa
247,easymoneysniper
248,eda.ece
249,eduincaz
250,egorkreed
251,egupta
252,eilirjani
253,elcinsangu
254,elmarianaa
255,elrodrigocontreras
256,elrubiuswtf
257,emiliamernes
258,eminem
259,emmachamberlain
260,emmaroberts
261,emrata
262,enhypen
263,erling.haaland
264,esbilgic
265,espn
266,ester_exposito
267,eunwo.o_c
268,euphoria
269,evaluna
270,everyone_woo
271,ewsbdi
272,f1
273,fabriziorom
274,fadiljaidi
275,farhaddddddd
276,faz3
277,fcbarcelona
278,fcbayern
279,fedeevalverde
280,fedez
281,feliciathegoat
282,felipeneto
283,fenerbahce
284,fernandasouzaoficial
285,fifaworldcup
286,filiperet
287,finnwolfhardofficial
288,florencepugh
289,floydmayweather
290,fortnite
291,francety
292,frenkiedejong
293,friends
294,fuckjerry
295,fuji_an
296,funnymike
297,future
298,g_eazy
299,gabigol
300,gal_gadot
301,galatasaray
302,garethbale11
303,gatenm123
304,geewonii
305,geneliad
306,georgenotfound
307,georginagio
308,germangarmendia
309,ggonekim
310,gianlucavacchi
311,giannis_an34
312,gigihadid
313,gildovigor
314,gioewbank
315,gisele
316,goar_avetisyan
317,golfarahani
318,greeicy
319,grefg_official
320,grisha_eric
321,gucci
322,gururandhawa
323,gusttavolima
324,hadise
325,haechanahceah
326,haifawehbe
327,haileesteinfeld
328,haileybieber
329,hakkiakdenizz
330,handemiyy
331,hannahelzahed
332,hannahstocking
333,hardikpandya93
334,harrystyles
335,harshbeniwal
336,hasan_yazdani73
337,hassan_reyvandi
338,hazalkaya
339,hazardeden_10
340,hegdepooja
341,henrycavill
342,heybiblee
343,hi_high_hiy
344,hi_songjoongki
345,hi_sseulgi
346,hilaryduff
347,hm_son7
348,holyhaein
349,hoooooyeony
350,houseofhighlights
351,hrithikroshan
352,hshq
353,huddy
354,humansofny
355,hunterschafer
356,hyeri_0609
357,hyunah_aa
358,i_m_hendery
359,i_nivethathomas
360,iambeckyg
361,iamcardib
362,iamferv
363,iamhalsey
364,iammichelemorroneofficial
365,iampauloandre
366,iamsrk
367,iamzlatanibrahimovic
368,iansomerhalder
369,ibaillanos
370,ignaciaa_antonia
371,ikercasillas
372,imcryansp
373,imhyoseop
374,imouniroy
375,imsebastianstan
376,inanna
377,indiancricketteam
378,indiaroyale
379,instagram
380,iqbaal.e
381,irinashayk
382,isaias
383,iscoalarcon
384,itsmarziapie
385,itzy.all.in.us
386,ivetesangalo
387,iynemliarasbulut
388,j.m
389,jackblack
390,jackharlow
391,jacksepticeye
392,jacksonwang852g7
393,jacquelinef143
394,jadenhossler
395,jadepicon
396,jadethirlwall
397,jailyneojeda
398,jairmessiasbolsonaro
399,jamescharles
400,jamesrodriguez10
401,jamorant
402,janhvikapoor
403,jannatzubair29
404,jasonstatham
405,jaspritb1
406,jaybnow.hr
407,jbalvin
408,jbayleaf
409,jennaortega
410,jennierubyjane
411,jennifer.garner
412,jenniferaniston
413,jensenackles
414,jeonghaniyoo_n
415,jeremyrenner
416,jeromepolin
417,jessica.syj
418,jessicah_o
419,jessicajane99
420,jessnolimit
421,jharden13
422,jhope_bighitentertainment
423,jichangwook
424,jimena.jimenezr
425,jimin_bighitentertainment
426,jin
427,jin_bighitentertainment
428,jinyoung_0922jy
429,jlo
430,joaogomescantor
431,joaoguilherme
432,joeyking
433,johnnydepp
434,johnnyjsuh
435,jojotodynho
436,jokowi
437,jongsuk0206
438,jordialbaoficial
439,jorgelopez_as
440,joshrichards
441,joshu_acoustic
442,juandediospantoja
443,juanpazurita
444,juki_lop
445,julesleblanc
446,juliette
447,juliopfernandez
448,jungkook_bighitentertainment
449,jungkook.97
450,justinbieber
451,juventus
452,jy_piece
453,k.mbappe
454,kajalaggarwalofficial
455,kajol
456,kaka
457,kaliuchis
458,kanik4kapoor
459,kapilsharma
460,kareenakapoorkhan
461,karelyruiz
462,karimbenzema
463,karljacobs
464,karna.val
465,karolg
466,karrrambaby
467,kartikaaryan
468,kashikakapoor09
469,katherinelangford
470,katrinakaif
471,katyperry
472,kaylanicolejones
473,keerthysureshofficial
474,kellyrowland
475,kendalljenner
476,keniaos
477,kentooyamazaki
478,kenzie
479,kevindebruyne
480,kevinhart4real
481,khabib_nurmagomedov
482,khaby00
483,khloekardashian
484,kiaraaliaadvani
485,kikakim
486,kimberly.loaiza
487,kimjuncotton
488,kimkardashian
489,kingarturo23oficial
490,kingbach
491,kingjames
492,kit.connor
493,kittychicha
494,kjapa
495,klaythompson
496,klrahul
497,kourtneykardash
498,krisjenner
499,krithi.shetty_official
500,kritisanon
501,ksi
502,kto_takaya
503,kun11xd
504,kunaguero
505,kyliejenner
506,kyrieirving
507,l7nnon
508,lacasadepapel
509,lacikaysomers
510,ladygaga
511,lalala_lfamily
512,lalalalisa_m
513,lamborghini
514,lanarhoades
515,larasilva
516,larissamanoela
517,larray
518,latto777
519,laurenjauregui
520,laurenlondon
521,layzhang
522,ldh_sky
523,leaelui
524,leedongwook_official
525,leeyoum262
526,leighannepinnock
527,leomessi
528,leonardodicaprio
529,ler_chek
530,lestykejora
531,letthelordbewithyou
532,lewishamilton
533,lexibrookerivera
534,liamhemsworth
535,liampayne
536,lilbaby
537,lildurk
538,lilnasx
539,liluzivert
540,lilyjcollins
541,lilyrose_depp
542,litkillah
543,littlemix
544,liverpoolfc
545,lizakoshy
546,lizasoberano
547,lizgillz
548,lizzobeeating
549,lm_____ltm
550,loganpaul
551,loreimprota
552,loud_babi
553,loud_victor
554,louispartridge_
555,louist91
556,lucas_lira
557,lucasranngel
558,lucasvazquez91
559,lucyhale
560,ludmilla
561,luissuarez9
562,lukadoncic
563,lukamodric10
564,luvadepedreiro
565,m_kayoung
566,m.by__sana
567,m10_official
568,machinegunkelly
569,maddieziegler
570,madelame
571,madelyncline
572,madhuridixitnene
573,madisonbaileybabe
574,madisonbeer
575,madonna
576,maisa
577,maluma
578,malutrevejo
579,manchesterunited
580,mancity
581,maneskinofficial
582,manurios
583,marcelotwelve
584,marcoasensio10
585,marcusrashford
586,mariaalice
587,mariabecerra
588,mariapedraza_
589,marimaria
590,marinaruybarbosa
591,markiplier
592,markruffalo
593,marktuan
594,marshmello
595,martinpdisalvo
596,marvel
597,marvelstudios
598,mathildtantot
599,mattyperry4
600,maudeapatow
601,maudyayunda
602,maxverstappen1
603,mclomaofficial
604,meganfox
605,melissamelmaia
606,melo
607,memezar
608,memphisdepay
609,miakhalifa
610,miamalkova
611,michelleobama
612,miguel.g.herran
613,mileycyrus
614,milliebobbybrown
615,min9yu_k
616,mina_sr_my
617,mingue.k
618,mirandacosgrove
619,mirella
620,missasinfonia
621,mo.on_air
622,mohanshakti
623,momo
624,mont.pantoja
625,mosalah
626,mr_faisu_07
627,mrancelotti
628,mrbeast
629,ms_puiyi
630,ms.sethii
631,mterstegen1
632,na.jaemin0813
633,nabilla
634,nadin_serovski
635,nadine
636,nadine.nassib.njeim
637,naileadevora
638,najwashihab
639,nancyajram
640,narendramodi
641,narins_beauty
642,nasa
643,natashawilona12
644,natgeo
645,nattinatasha
646,navidmohammadzadeh
647,nazormaya
648,nazriyafahadh
649,nba
650,ncentineo
651,nct
652,nct_dream
653,nct127
654,nehakakkar
655,nehasharmaofficial
656,nessabarrett
657,netflix
658,netflixbrasil
659,netflixlat
660,neymarjr
661,niallhoran
662,nianaguerrero
663,nicki.nicole
664,nickiminaj
665,nickjonas
666,nickyjam
667,nicolebahls
668,nicolegarcia
669,nidhhiagerwal
670,nike
671,nikefootball
672,nikitadragun
673,nina
674,nita_shilimkar
675,noahbeck
676,noahschnapp
677,nobru
678,nodal
679,nolimitherbo
680,noorstars
681,norafatehi
682,normani
683,nusr_et
684,o.dembele7
685,obj
686,offsetyrn
687,oliviarodrigo
688,onwardwanna
689,onyourm__ark
690,oohsehun
691,oprah
692,otabek_muhammadalievich
693,ozuna
694,pablogavi
695,pandorakaaki
696,parineetichopra
697,paulodybala
698,paulolondra
699,paulpogba
700,paulwalker
701,paulwesley
702,pefabiodemelo
703,perrieedwards
704,perspolis
705,pewdiepie
706,peytonlist
707,pharrell
708,phil.coutinho
709,philfoden
710,phoebejtonkin
711,playstation
712,pledis_boos
713,pocah
714,pokimanelol
715,polo.capalot
716,pooorblack
717,porsche
718,postmalone
719,pozevidalouca
720,prattprattpratt
721,premierleague
722,prillylatuconsina96
723,priyankaamohanofficial
724,priyankachopra
725,psg
726,pubity
727,quavohuncho
728,raashiikhanna
729,rachel_mypark
730,rafaelnadal
731,rafaeluccman
732,rahulkl
733,raisa6690
734,rakulpreet
735,ranveersingh
736,raphaelvarane
737,rashmika_mandanna
738,rauwalejandro
739,real__pcy
740,realbarbarapalvin
741,realcoleworld
742,realhinakhan
743,realmadrid
744,realstraykids
745,rebelwilson
746,redvelvet.smtown
747,reesewitherspoon
748,regejean
749,renebaebae
750,rezagolzar
751,riaricis1795
752,ridwankamil
753,riyadmahrez26.7
754,riyaz.14
755,rizkybillar
756,robertdowneyjr
757,roberto_firmino
758,roddyricch
759,rodridepaul
760,rodwave
761,rogerfederer
762,rohitsharma45
763,romanreigns
764,ronaldinho
765,rosalia.vt
766,roses_are_rosie
767,ross_lynch
768,rubyrose
769,rudeth
770,sabinahidalgo
771,sabrinacarpenter
772,sachintendulkar
773,sadiesink_
774,sadiomaneofficiel
775,sagar_pop02
776,saipallavi.senthamarai
777,salmahayek
778,salshabillaadr
779,samantharuthprabhuoffl
780,samoylovaoxana
781,sanchooo10
782,sandrinna_11
783,saraalikhan95
784,sarahkhanofficial
785,sarwendah29
786,sav.labrant
787,saweetie
788,saythename_17
789,schwarzenegger
790,selenagomez
791,serenayss
792,sergioramos
793,serna_amini
794,shahidkapoor
795,shawnmendes
796,shaymitchell
797,shehnaazgill
798,shivangijoshi18
799,shraddhakapoor
800,shreyaghoshal
801,sidhu_moosewala
802,sidmalhotra
803,simoneesimaria
804,simoneses
805,simonettalein
806,sinavaliollah
807,sincerooficial
808,sivakarthikeyan
809,skaijackson
810,skuukzky
811,smriti_mandhana
812,snoopdogg
813,sofia9__official
814,sofiaalcastro
815,sofiacarson
816,sommerray
817,somsomi0309
818,sonamkapoor
819,songkang_b
820,soohyun_k216
821,sooyaaa__
822,sooyoungchoi
823,sophiedee
824,soueunavida
825,sound_of_coups
826,soycintiacossio
827,soydannyalfaro
828,soyneiva
829,spacex
830,sportscenter
831,srinidhi_shetty
832,ssinz7
833,staryuukiii
834,staskaranikolaou
835,stephencurry30
836,sthefanematos
837,strangerthingstv
838,streetartglobe
839,subo_m
840,suga_bighitentertainment
841,sugaringcandy
842,sunnyleone
843,supercarblondie
844,superstar_dewasi99
845,supremo_dp
846,sureshraina3
847,sushitrash
848,sydney_sweeney
849,sza
850,t22felton
851,taehyung.bighitentertainment
852,taeoxo_nct
853,taeyeon_ss
854,taina
855,tamannaahspeaks
856,tamerhosny
857,tarasutaria
858,tatawerneck
859,taylor_hill
860,taylorswift
861,teddysphotos
862,tejasswiprakash
863,tenlee_1001
864,teyanataylor
865,theamitbhadana
866,thebursin
867,theellenshow
868,theestallion
869,thegirljt
870,thegoodquote
871,thehughjackman
872,thenameisyash
873,thenewclassic
874,therealcalebmclaughlin
875,therealjosephmorgan
876,therock
877,theslumpgod
878,theweeknd
879,thiago6
880,thiagosilva
881,thv
882,tiagopzk
883,tiffanyyoungofficial
884,tigerjackieshroff
885,tinistoessel
886,todayis_wendy
887,tohi
888,tombrady
889,tomhardy
890,tomholland2013
891,tommyinnit
892,toni.kr8s
893,tontawan
894,travisbarker
895,travisscott
896,trentarnold66
897,trippieredd
898,trueno
899,twicetagram
900,tyga
901,uarmyhope
902,urstrulymahesh
903,ursulolita
904,urvashirautela
905,valentinazenere
906,valeyellow46
907,vancityreynolds
908,vanessahudgens
909,vanessalopesr_
910,vanessamorgan
911,varundvn
912,veradijkmans
913,vernonline
914,vicdeangelis
915,vickykaushal09
916,victoriajustice
917,viking.barbie
918,vikkialchester
919,vindiesel
920,vinijr
921,vinniehacker
922,virat.kohli
923,virgilvandijk
924,virginia
925,vivi
926,vousmevoyez
927,wanda_nara
928,warriors
929,waynerooney
930,wdohwan
931,weareone.exo
932,whinderssonnunes
933,wi__wi__wi
934,wilbursoot
935,willevy
936,willyrex
937,winmetawin
938,wizkhalifa
939,wizkidayo
940,wolfiecindy
941,woozi_universefactory
942,wos.ds3
943,wow_kimsohyun
944,wwiinn_7
945,xavi
946,xbox
947,xeesoxee
948,xsqueezie
949,xuminghao_o
950,xxxibgdrgn
951,yamigautam
952,yangyang_x2
953,yaocabrera
954,yasmine_sabri
955,yastunes
956,yawnzzn
957,yefersoncossio
958,yejinhand
959,yellow_3to3
960,yerimiese
961,yg_treasure_official
962,yihyun_1208
963,yoona__lim
964,yooncy1
965,youna_1997
966,youngdae0302
967,yugyeom
968,yuu_taa_1026
969,yuyacst
970,yuzi_chahal23
971,zacefron
972,zachking
973,zayn
974,zefelipecantor
975,zendaya
976,zidane
977,zkdlin
978,zo
979,zoeisabellakravitz
980,rkive
981,willsmith
982,adele
983,blakelively
984,lelepons
985,tchalamet
986,championsleague
987,lucas_xx444
988,phs1116
989,rohittt_09_
990,luisitocomunica
991,thedeverakonda
992,emilia_clarke
993,jacobelordi
994,shakira
995,emmawatson
996,lilireinhart
997,nayeonyny
998,thinkaboutzu
999,camimendes
1000,attahalilintar
1001,justintimberlake
1002,alidaei
1003,jheneaiko
1004,maya_hawke
1005,neslihanatagul
1006,luisasonza
1007,michaelbjordan
1008,chaeyo.0
1009,dahhyunnee
1010,shaq
1011,thenotoriousmma
1012,sophiet
1013,ratantata
1014,liltjay
1015,andressasuita
1016,lilyachty
1017,nba_youngboy
1018,alissaviolet
1019,txt_bighit
1020,annakendrick47
1021,kehlani
1022,evcenf
1023,frenchmontana
1024,jakepaul
1025,for_everyoung10
1026,susana.dxoxo
1027,channingtatum
1028,adidasfootball
1029,romeosantos
1030,lilpeep
1031,vegetta777
1032,davikah
1033,kyo1122
1034,simonemendes
1035,nicholasgalitzine
1036,theshilpashetty
1037,choquei
1038,k.kbeom
1039,d_a___m_i
1040,lakers
1041,riteishd
1042,lukehemmings
1043,juansguarnizo
1044,gessicakayane
1045,hztttao
1046,icc
1047,hugogloss
1048,leejen_o_423
1049,actorprabhas
1050,aishwaryaraibachchan_arb
1051,pedri
1052,matue
1053,alexadellanos
1054,ronaldo
1055,iam_linyi
1056,nikkietutorials
1057,jenna_chew
1058,simaria
1059,piawurtzbach
1060,ozgecangurelofficial
1061,sarahhyland
1062,drewstarkey
1063,francinyehlke
1064,dacremontgomery
1065,parishilton
1066,blonded
1067,myketowers
1068,elliotpage
1069,rishabpant
1070,ho5hi_kwon
1071,bigsean
1072,kingryan
1073,agnezmo
1074,staceysolomon
1075,sebastianyatra
1076,saharghoreyshiofficialpage
1077,dk_is_dokyeom
1078,sonambajwa
1079,apple
1080,jxxvvxxk
1081,umutisler
1082,grantgust
1083,hichasestokes
1084,ederbez
1085,viihtube
1086,yasminabdelaziz_
1087,adrianalima
1088,troyesivan
1089,wayvofficial
1090,_abu_saalim_
1091,ivan_buhaje
1092,joshuadun
1093,sonu_sood
1094,voguemagazine
1095,shikhardofficial
1096,rockstargames
1097,harshasai_
1098,arsenal
1099,ishowspeed
1100,shxxbi131
1101,jenniferwinget1
1102,klarafgcastanho
1103,miketyson
1104,paollaoliveirareal
1105,kawtarbamo
1106,lance210
1107,seojuhyun_s
1108,junhui_moon
1109,asala
1110,dominicfike
1111,anthonyjoshua
1112,flay
1113,dhanashree9
1114,anastasiya_kvitko
1115,natalee.007
1116,fedevalverde
1117,rafakalimann
1118,jimmyfallon
1119,iiqraaziz
1120,maitreyiramakrishnan
1121,dukeandduchessofcambridge
1122,min.nicha
1123,arcticmonkeys
1124,realshadmehr
1125,kevinho
1126,jordynwoods
1127,sergiroberto
1128,snejanaonopka15
1129,dorra_zarrouk
1130,keyshiakaoir
1131,bmw
1132,cnn
1133,guaynaa
1134,jscmila
1135,kh1000le
1136,felicyangelista_
1137,aycaaysinturan
1138,samsmith
1139,jaydacheaves
1140,_irishbella_
1141,watanabenaomi703
1142,allusnehareddy
1143,twentyonepilots
1144,kyliecosmetics
1145,haniaheheofficial
1146,baifernbah
1147,karolsevillaofc
1148,jasonderulo
1149,nashgrier
1150,landonorris
1151,ykaaar
1152,gongyoo_official
1153,lilpump
1154,reynmen
1155,urassayas
1156,ashleygraham
1157,_chaechae_1
1158,antony00
1159,gun_atthaphan
1160,moneybaggyo
1161,hasnaink07
1162,cobratate
1163,burnaboygram
1164,eunbining0904
1165,armaanmalik
1166,julienco_
1167,juliabarretto
1168,joerogan
1169,mccabelinho
1170,strangehuman
1171,danielricciardo
1172,ginaindelicada
1173,tovinothomas
1174,timatiofficial
1175,jayshetty
1176,camilacoelho
1177,becaa_barreto
1178,prideofgypsies
1179,raffinagita1717
1180,artmodel.one
1181,silambarasantrofficial
1182,bowerjamie
1183,violets.tv
1184,nameisnani
1185,lynaritaa
1186,thibautcourtois
1187,joesthetics
1188,marioruiz
1189,shahinsamadpoor
1190,michelle_lewin
1191,mb459
1192,bighit_exhibition
1193,mario_houses
1194,lalioficial
1195,naisaalifiayuriza
1196,aidanrgallagher
1197,leosantana
1198,ninja
1199,myriamfares
1200,optimushwang
1201,syifahadjureal
1202,alexademie
1203,seonho__kim
1204,josephquinn
1205,e_xiu_o
1206,nattyiceofficial
1207,chadwickboseman
1208,pugachevmark
1209,princessyahrini
1210,bramastavrl
1211,araujovivianne
1212,7_luhan_m
1213,aboflah
1214,quackity
1215,tannerbuchananofficial
1216,ferrari
1217,rupertgrint
1218,residente
1219,5.min.crafts
1220,_schwim_
1221,ayushmannk
1222,yuvisofficial
1223,mchariel
1224,richarlison
1225,deolaneb_
1226,neeraj____chopra
1227,mrunalthakur
1228,mauroicardi
1229,meekmill
1230,enriqueiglesias
1231,yailinlamasviralreal
1232,tarkan
1233,tarajiphenson
1234,theroyalfamily
1235,mohamedramadanws
1236,ashleybenson
1237,nimratkhairaofficial
1238,iamyanetgarcia
1239,anggayunandareal16
1240,rey_mbayang
1241,qk20
1242,aoc
1243,debbyryan
1244,rondarousey
1245,bypamella
1246,hustlemantherapper
1247,rjkarishma
1248,ricky_martin
1249,soyturkrabia
1250,disney
1251,333cyj333
1252,saaihalilintar
1253,cemrebaysel
1254,tamaaev
1255,illusomina
1256,sahilkhan
1257,stebinben
1258,divyankatripathidahiya
1259,officialslystallone
1260,haifa_hassony
1261,feid
1262,hank_says_hank
1263,epa_colombia
1264,6ix9ine
1265,eumirellasantos
1266,juliaanalvarez
1267,emi_martinez26
1268,banksy
1269,mariliamendoncacantora
1270,enzojfernandez
1271,ememyers
1272,hziyech
1273,kendricklamar
1274,cbf_futebol
1275,eumarielysantos
1276,lautaromartinez
1277,hero_ft
1278,mcdanieloficiall
1279,mariasbaby
1280,leoparedes20
1281,toyajohnson
1282,lomon991111
1283,lucaspaqueta
1284,rodrygogoes
1285,gusein.gasanov
1286,judebellingham
1287,pele
1288,juandam___
1289,arcangel
1290,princeandprincessofwales
1291,surya_14kumar
1292,papugomez_official
1293,nicolasotamendi30
1294,ileana_official
1295,bocade09
1296,wesleysafadao
1297,nikolasferreiradm
1298,portugal
1299,abdu_rozik
1300,princeroyce
1301,lupitanyongo
1302,afaseleccion
1303,you_r_love
1304,olamide
1305,eizagonzalez
1306,joaofelix79
1307,pedroguilherme
1308,tiwasavage
1309,neymarjrsiteoficial
1310,ellenpompeo
1311,manuelneuer
1312,afrasaracoglu
1313,joelocke03
1314,baimwong
1315,garnacho7
1316,manelyk_oficial
1317,bts_love_myself
1318,jenaissante
1319,kevinroldankr
1320,martingarrix
1321,chomismaterialgirl
1322,hennessycarolina
1323,masonmount
1324,toniruediger
1325,richforever
1326,dreamwastaken
1327,_yujin_an
1328,officialmahirasharma
1329,hasbulla.hushetskiy
1330,luzu
1331,mollymae
1332,sashameneghel
1333,rampage_thedancer
1334,bounouyassine_bono
1335,imfaithxo
1336,linatejeiro
1337,voriaghafuri_official
1338,gabimartins
1339,percy
1340,mcdavipaiva
1341,jhayco
1342,celestebarber
1343,flamengo
1344,austinmcbroom
1345,morganasecco
1346,michelleziu
1347,mahnaz_afshar
1348,keylornavas1
1349,lexa
1350,ibrahimyilmazofficial
1351,esmuellert
1352,jennmuriel
1353,brianmaps
1354,jackgrealish
1355,taylorlautner
1356,alejoigoa
1357,lulaoficial
1358,alissonbecker
1359,e_milygarcia
1360,sashapieterse
1361,raghavjuyal
1362,sofiavergara
1363,teslamotors
1364,starwars
1365,brunofernandes8
1366,limitless
1367,paraschhabra
1368,whrbtjd
1369,morganwallen
1370,gadiiing
1371,chetri_sunil11
1372,lucasguimaraes
1373,k_a_z_u_h_a__
1374,lizbethrodriguezoficial
1375,justsul
1376,aliciakeys
1377,marcinho11
1378,casimiro
1379,scuderiaferrari
1380,viavallen
1381,labels.hybe
1382,torylanez
1383,feat.dino
1384,ravindra.jadeja
